Account length,International plan,Voice mail plan,Number vmail messages,Total day minutes,Total day calls,Total day charge,Total eve minutes,Total eve calls,Total eve charge,Total night minutes,Total night calls,Total night charge,Total intl minutes,Total intl calls,Total intl charge,Customer service calls,Predicted Churn,Actual Churn
115,1,0,0,345.3,81,58.7,203.4,106,17.29,217.5,107,9.79,11.8,8,3.19,1,1,1
157,1,0,0,180.4,123,30.67,194.0,98,16.49,227.3,88,10.23,8.4,5,2.27,0,0,0
84,0,0,0,159.0,80,27.03,167.9,128,14.27,167.6,101,7.54,12.3,5,3.32,1,0,0
105,0,0,0,273.8,97,46.55,289.7,106,24.62,269.1,126,12.11,5.8,3,1.57,2,1,1
74,1,0,0,125.8,103,21.39,207.7,96,17.65,207.4,143,9.33,14.1,4,3.81,1,1,1
89,1,0,0,206.9,134,35.17,167.7,105,14.25,155.7,86,7.01,10.9,4,2.94,0,0,0
100,0,1,38,177.1,88,30.11,163.7,108,13.91,242.7,72,10.92,7.4,2,2.0,0,0,0
101,0,0,0,248.6,102,42.26,174.9,93,14.87,207.2,86,9.32,6.1,3,1.65,3,0,0
197,0,0,0,233.9,96,39.76,218.9,111,18.61,182.9,109,8.23,9.5,3,2.57,0,0,0
102,0,0,0,271.1,80,46.09,172.0,133,14.62,169.2,105,7.61,10.3,5,2.78,1,1,0
82,0,0,0,185.8,36,31.59,276.5,134,23.5,192.1,104,8.64,5.7,7,1.54,4,0,0
101,0,0,0,257.3,84,43.74,184.8,115,15.71,108.9,109,4.9,13.5,7,3.65,0,0,0
80,0,0,0,113.2,86,19.24,185.5,97,15.77,237.3,145,10.68,9.5,5,2.57,1,0,0
75,0,1,39,198.2,107,33.69,280.4,132,23.83,129.6,73,5.83,11.3,7,3.05,1,0,0
96,1,0,0,200.6,117,34.1,289.5,120,24.61,98.3,95,4.42,11.2,5,3.02,2,0,0
150,0,0,0,136.6,112,23.22,209.4,81,17.8,161.1,78,7.25,12.2,2,3.29,4,1,1
98,0,1,36,168.0,81,28.56,163.2,125,13.87,172.7,120,7.77,8.0,2,2.16,6,0,1
122,0,1,45,147.8,85,25.13,147.4,93,12.53,203.5,110,9.16,14.0,5,3.78,1,0,0
79,0,0,0,261.7,97,44.49,210.6,48,17.9,256.7,83,11.55,6.0,3,1.62,3,1,1
117,0,1,13,207.6,65,35.29,152.7,77,12.98,232.8,95,10.48,9.7,3,2.62,1,0,0
56,0,0,0,91.1,90,15.49,179.3,115,15.24,300.7,89,13.53,11.9,8,3.21,2,0,0
104,0,0,0,130.5,77,22.19,131.2,117,11.15,264.7,63,11.91,13.0,6,3.51,0,0,0
1,0,0,0,123.8,113,21.05,236.2,77,20.08,73.2,81,3.29,3.7,2,1.0,0,0,0
77,0,0,0,175.5,86,29.84,205.1,78,17.43,245.2,100,11.03,17.8,3,4.81,4,0,0
108,0,1,35,169.8,136,28.87,173.7,101,14.76,214.6,105,9.66,9.5,7,2.57,2,0,0
52,0,0,0,215.9,67,36.7,217.0,108,18.45,342.8,130,15.43,5.2,2,1.4,1,0,0
79,0,0,0,144.0,90,24.48,135.8,91,11.54,212.4,129,9.56,13.0,4,3.51,1,0,0
138,0,0,0,194.3,83,33.03,189.9,97,16.14,232.2,102,10.45,9.0,3,2.43,5,0,0
42,0,0,0,241.2,134,41.0,116.5,114,9.9,152.2,91,6.85,10.6,4,2.86,0,0,0
64,0,0,0,261.9,113,44.52,148.1,99,12.59,145.2,74,6.53,13.8,4,3.73,0,0,0
120,0,1,27,153.5,84,26.1,194.0,73,16.49,256.5,94,11.54,10.2,7,2.75,5,0,0
98,0,1,31,181.6,112,30.87,220.7,100,18.76,236.3,121,10.63,12.9,4,3.48,2,0,0
93,0,0,0,179.3,93,30.48,188.8,65,16.05,253.2,88,11.39,12.1,5,3.27,1,0,0
136,1,1,33,203.9,106,34.66,187.6,99,15.95,101.7,107,4.58,10.5,6,2.84,3,0,0
119,0,1,32,142.6,77,24.24,208.2,126,17.7,171.0,102,7.69,12.0,2,3.24,3,0,0
59,0,0,0,107.8,113,18.33,216.6,125,18.41,217.5,92,9.79,9.9,3,2.67,2,0,0
78,0,1,32,210.3,116,35.75,192.2,83,16.34,246.1,92,11.07,10.8,4,2.92,6,0,0
100,0,1,25,246.6,94,41.92,141.4,112,12.02,189.8,109,8.54,13.0,5,3.51,1,0,0
153,0,0,0,122.5,145,20.83,273.3,103,23.23,197.8,71,8.9,8.0,3,2.16,2,0,0
70,0,1,24,249.5,101,42.42,259.7,98,22.07,222.7,68,10.02,9.8,4,2.65,1,0,0
109,0,0,0,162.6,138,27.64,154.0,109,13.09,209.7,118,9.44,11.5,4,3.11,0,0,0
70,0,0,0,147.1,105,25.01,200.0,135,17.0,234.9,65,10.57,12.5,9,3.38,3,0,0
64,0,0,0,148.1,73,25.18,164.9,101,14.02,216.0,125,9.72,12.3,2,3.32,5,1,1
45,0,0,0,78.6,106,13.36,187.3,110,15.92,184.2,111,8.29,7.4,5,2.0,1,0,1
155,0,0,0,190.3,123,32.35,301.3,96,25.61,214.6,134,9.66,8.0,3,2.16,1,0,0
177,0,0,0,175.4,99,29.82,155.3,83,13.2,179.4,86,8.07,11.5,3,3.11,1,0,0
74,0,0,0,314.1,86,53.4,222.4,99,18.9,259.0,121,11.66,12.3,5,3.32,3,1,1
10,0,0,0,222.2,127,37.77,153.1,125,13.01,227.4,80,10.23,12.9,4,3.48,1,0,0
104,0,0,0,76.4,116,12.99,115.6,74,9.83,226.3,94,10.18,9.4,3,2.54,3,0,0
113,0,0,0,187.6,97,31.89,208.2,118,17.7,158.9,101,7.15,8.7,6,2.35,2,0,0
51,0,0,0,181.5,108,30.86,196.9,87,16.74,187.2,119,8.42,10.3,2,2.78,1,0,0
92,0,0,0,184.7,60,31.4,262.0,73,22.27,239.5,120,10.78,12.3,6,3.32,2,0,1
73,0,0,0,157.1,109,26.71,268.8,83,22.85,181.5,91,8.17,10.0,8,2.7,0,0,0
56,0,1,24,121.7,87,20.69,184.0,76,15.64,266.6,98,12.0,12.7,3,3.43,1,0,0
87,0,1,30,262.8,114,44.68,215.8,130,18.34,154.8,88,6.97,7.8,2,2.11,0,0,0
111,0,0,0,214.3,118,36.43,208.5,76,17.72,182.4,98,8.21,12.0,2,3.24,1,0,0
116,0,1,12,221.0,108,37.57,151.0,118,12.84,179.0,80,8.06,9.0,6,2.43,2,0,0
75,0,0,0,109.0,88,18.53,259.3,120,22.04,182.1,119,8.19,13.3,3,3.59,4,1,1
38,0,0,0,194.4,94,33.05,186.7,95,15.87,223.3,90,10.05,10.8,5,2.92,3,0,0
70,0,0,0,7.9,100,1.34,136.4,83,11.59,156.6,89,7.05,12.1,1,3.27,0,0,0
97,0,1,32,90.0,87,15.3,276.3,113,23.49,185.2,107,8.33,8.6,6,2.32,2,0,1
63,0,0,0,117.1,118,19.91,249.6,90,21.22,162.2,84,7.3,11.1,4,3.0,3,0,0
113,0,0,0,72.5,88,12.33,204.0,112,17.34,117.9,118,5.31,6.6,3,1.78,1,0,0
109,0,0,0,137.0,128,23.29,217.0,116,18.45,182.1,86,8.19,10.0,5,2.7,2,0,0
129,1,0,0,267.4,78,45.46,204.2,85,17.36,111.7,146,5.03,5.9,4,1.59,1,0,0
96,0,0,0,160.2,117,27.23,267.5,67,22.74,228.5,68,10.28,9.3,5,2.51,2,0,0
113,1,0,0,125.2,93,21.28,206.4,119,17.54,129.3,139,5.82,8.3,8,2.24,0,0,0
141,0,0,0,51.9,108,8.82,162.0,83,13.77,223.5,115,10.06,10.1,3,2.73,3,0,0
67,0,0,0,109.1,134,18.55,142.3,76,12.1,91.2,86,4.1,10.9,5,2.94,2,0,0
95,1,1,37,220.2,109,37.43,185.3,99,15.75,205.1,82,9.23,4.1,2,1.11,0,0,1
88,0,0,0,264.8,124,45.02,245.4,112,20.86,160.5,115,7.22,14.8,2,4.0,1,1,1
136,0,1,16,90.4,105,15.37,201.3,109,17.11,227.1,115,10.22,13.1,4,3.54,0,0,0
78,0,0,0,103.5,115,17.6,117.9,102,10.02,201.0,94,9.05,12.0,3,3.24,4,1,1
20,0,1,35,171.5,98,29.16,153.1,127,13.01,165.6,125,7.45,7.1,3,1.92,0,0,0
90,0,0,0,207.2,121,35.22,292.5,104,24.86,226.3,103,10.18,8.0,1,2.16,2,0,0
60,0,0,0,252.7,97,42.96,221.1,121,18.79,109.9,100,4.95,12.4,4,3.35,2,0,0
173,0,0,0,191.4,114,32.54,168.5,138,14.32,109.3,99,4.92,10.3,3,2.78,1,0,0
144,1,0,0,203.5,100,34.6,247.6,103,21.05,194.3,94,8.74,11.9,11,3.21,0,0,0
75,0,1,46,214.1,62,36.4,200.9,111,17.08,246.8,126,11.11,9.2,6,2.48,0,0,0
74,0,1,25,234.4,113,39.85,265.9,82,22.6,241.4,77,10.86,13.7,4,3.7,0,0,0
116,0,0,0,164.6,110,27.98,270.6,103,23.0,230.4,109,10.37,8.0,3,2.16,0,0,0
80,0,1,38,236.6,69,40.22,197.5,68,16.79,209.5,102,9.43,9.5,10,2.57,2,0,0
147,0,0,0,205.3,95,34.9,166.7,128,14.17,240.6,84,10.83,7.8,4,2.11,1,0,0
174,0,0,0,235.5,108,40.04,142.3,143,12.1,316.7,131,14.25,12.5,5,3.38,0,0,0
80,1,1,15,159.3,110,27.08,170.6,120,14.5,141.2,82,6.35,11.9,5,3.21,1,1,0
192,0,0,0,185.0,88,31.45,224.9,98,19.12,212.4,105,9.56,11.4,3,3.08,2,0,0
95,0,0,0,194.6,114,33.08,232.8,106,19.79,173.4,92,7.8,3.8,2,1.03,3,0,0
154,0,0,0,350.8,75,59.64,216.5,94,18.4,253.9,100,11.43,10.1,9,2.73,1,1,1
66,0,0,0,167.3,91,28.44,230.0,68,19.55,191.7,118,8.63,10.6,5,2.86,1,0,1
118,0,0,0,187.4,97,31.86,177.8,89,15.11,233.4,97,10.5,12.2,6,3.29,1,0,0
49,0,1,28,214.4,78,36.45,235.2,100,19.99,206.2,107,9.28,8.0,13,2.16,3,0,0
73,0,0,0,175.4,130,29.82,248.1,105,21.09,122.4,85,5.51,12.2,4,3.29,0,0,0
144,0,0,0,133.3,101,22.66,255.5,127,21.72,228.6,68,10.29,11.6,2,3.13,0,0,0
31,0,1,28,171.8,116,29.21,240.7,125,20.46,245.5,80,11.05,10.6,7,2.86,1,0,0
27,0,0,0,201.2,128,34.2,227.2,100,19.31,145.8,91,6.56,8.4,3,2.27,2,0,0
36,0,0,0,177.9,129,30.24,224.6,87,19.09,306.3,102,13.78,10.8,6,2.92,2,0,0
59,0,0,0,155.2,79,26.38,235.3,123,20.0,169.4,80,7.62,8.7,4,2.35,1,0,0
72,0,0,0,207.8,92,35.33,195.7,110,16.63,184.8,124,8.32,13.1,4,3.54,0,0,0
166,0,0,0,136.1,116,23.14,181.4,93,15.42,131.4,108,5.91,11.3,4,3.05,0,0,0
84,0,0,0,190.2,102,32.33,197.7,141,16.8,247.5,102,11.14,9.8,6,2.65,2,0,0
73,0,0,0,198.3,94,33.71,279.3,101,23.74,146.2,87,6.58,14.8,8,4.0,3,0,0
105,0,0,0,166.1,93,28.24,175.9,106,14.95,243.5,55,10.96,16.2,3,4.37,2,0,0
131,0,0,0,196.1,89,33.34,185.5,87,15.77,250.0,132,11.25,5.2,6,1.4,2,0,0
101,0,0,0,118.6,89,20.16,199.6,97,16.97,53.3,61,2.4,11.5,5,3.11,1,0,0
87,0,0,0,110.9,91,18.85,158.5,115,13.47,207.5,131,9.34,6.2,5,1.67,1,0,0
104,0,0,0,167.6,116,28.49,219.2,112,18.63,215.9,94,9.72,11.7,2,3.16,4,0,0
96,0,0,0,144.0,102,24.48,224.7,73,19.1,227.7,91,10.25,10.0,7,2.7,1,0,0
38,0,0,0,117.3,114,19.94,208.7,105,17.74,203.4,98,9.15,14.4,2,3.89,2,0,0
93,0,0,0,190.2,68,32.33,262.2,64,22.29,130.0,92,5.85,8.8,4,2.38,0,0,0
114,0,0,0,202.1,100,34.36,195.7,102,16.63,291.8,120,13.13,13.3,5,3.59,2,0,0
113,0,0,0,193.8,99,32.95,221.4,125,18.82,172.3,67,7.75,10.6,6,2.86,1,0,0
115,0,1,26,155.2,110,26.38,230.9,133,19.63,261.6,100,11.77,4.5,4,1.22,0,0,0
160,0,0,0,166.4,117,28.29,317.0,129,26.95,160.4,121,7.22,10.0,2,2.7,1,0,0
53,0,0,0,184.8,98,31.42,216.4,125,18.39,141.1,116,6.35,18.4,3,4.97,2,0,0
143,0,0,0,155.4,112,26.42,290.9,92,24.73,228.4,91,10.28,13.9,5,3.75,1,0,0
86,0,0,0,150.8,85,25.64,295.9,88,25.15,247.2,104,11.12,12.5,1,3.38,1,0,0
94,0,0,0,163.5,136,27.8,143.7,111,12.21,253.4,82,11.4,12.6,5,3.4,1,0,0
194,0,0,0,48.4,101,8.23,281.1,138,23.89,218.5,87,9.83,18.2,1,4.91,1,0,0
31,0,0,0,166.1,105,28.24,79.3,93,6.74,213.7,98,9.62,12.7,2,3.43,1,0,0
123,0,0,0,175.7,78,29.87,184.6,96,15.69,156.9,92,7.06,9.1,2,2.46,2,0,0
217,0,0,0,123.7,138,21.03,248.5,105,21.12,269.6,78,12.13,13.3,4,3.59,0,0,0
93,0,0,0,146.3,85,24.87,216.6,95,18.41,233.0,82,10.49,11.5,3,3.11,0,0,0
57,0,0,0,154.2,78,26.21,196.7,85,16.72,253.5,97,11.41,10.1,9,2.73,1,0,0
88,0,1,17,219.5,78,37.32,222.1,94,18.88,188.3,92,8.47,16.1,5,4.35,1,0,0
132,0,0,0,121.5,88,20.66,253.0,124,21.51,195.7,120,8.81,10.7,4,2.89,1,0,0
154,0,1,32,192.3,82,32.69,165.3,134,14.05,205.0,74,9.23,9.0,1,2.43,2,0,0
89,0,0,0,82.3,77,13.99,167.2,80,14.21,194.7,70,8.76,7.2,4,1.94,1,0,0
174,0,0,0,239.2,72,40.66,188.5,124,16.02,105.6,116,4.75,8.8,3,2.38,1,0,0
33,0,0,0,251.9,81,42.82,194.6,96,16.54,211.2,87,9.5,8.4,3,2.27,2,1,0
72,0,0,0,179.9,113,30.58,149.8,112,12.73,168.2,79,7.57,9.8,7,2.65,2,0,0
186,0,1,26,74.3,107,12.63,177.3,116,15.07,296.3,90,13.33,14.5,3,3.92,2,0,0
81,1,0,0,149.4,68,25.4,171.9,98,14.61,214.5,97,9.65,17.9,3,4.83,3,1,1
141,0,0,0,83.2,74,14.14,190.6,104,16.2,150.5,79,6.77,10.7,7,2.89,1,0,0
125,0,1,39,236.1,107,40.14,289.2,110,24.58,175.4,107,7.89,9.1,4,2.46,2,0,0
121,0,1,21,126.3,84,21.47,209.6,102,17.82,192.5,129,8.66,10.6,2,2.86,1,0,0
165,0,0,0,156.0,88,26.52,276.1,81,23.47,175.9,94,7.92,9.3,5,2.51,1,0,0
101,0,1,36,123.7,125,21.03,172.6,106,14.67,280.5,127,12.62,8.8,4,2.38,1,0,1
112,0,0,0,335.5,77,57.04,212.5,109,18.06,265.0,132,11.93,12.7,8,3.43,2,1,1
119,0,0,0,124.3,68,21.13,207.1,88,17.6,157.4,93,7.08,14.8,1,4.0,0,0,0
103,0,0,0,174.7,151,29.7,148.0,56,12.58,168.2,109,7.57,15.8,3,4.27,6,1,1
60,0,0,0,220.6,57,37.5,211.1,115,17.94,249.0,129,11.21,6.8,3,1.84,1,0,0
27,0,0,0,226.3,95,38.47,274.3,109,23.32,242.7,119,10.92,8.2,3,2.21,2,1,1
162,0,0,0,220.6,117,37.5,155.2,121,13.19,186.7,89,8.4,10.5,11,2.84,1,0,0
78,0,0,0,190.3,88,32.35,194.5,89,16.53,256.5,109,11.54,11.7,5,3.16,2,0,0
115,0,0,0,286.4,125,48.69,205.7,74,17.48,191.4,141,8.61,6.9,6,1.86,1,0,1
92,0,0,0,201.9,74,34.32,226.8,119,19.28,217.5,80,9.79,13.7,6,3.7,3,0,0
73,0,0,0,192.2,86,32.67,168.6,116,14.33,139.8,87,6.29,9.4,6,2.54,1,0,0
106,0,1,30,220.1,105,37.42,222.2,109,18.89,158.4,96,7.13,13.1,8,3.54,0,0,0
119,1,1,16,147.2,103,25.02,160.1,96,13.61,184.0,120,8.28,7.7,2,2.08,0,0,1
3,0,0,0,139.0,99,23.63,250.7,108,21.31,286.2,87,12.88,6.1,3,1.65,4,1,0
86,0,1,31,167.6,139,28.49,113.0,118,9.61,246.9,121,11.11,12.2,6,3.29,1,0,0
169,0,0,0,179.2,111,30.46,175.2,130,14.89,228.6,92,10.29,9.9,6,2.67,2,0,0
22,0,0,0,181.8,108,30.91,198.6,148,16.88,206.6,96,9.3,9.3,3,2.51,2,0,0
78,0,0,0,109.5,105,18.62,286.1,90,24.32,247.6,113,11.14,4.9,9,1.32,1,0,0
111,0,0,0,132.6,125,22.54,221.1,67,18.79,127.9,101,5.76,12.7,2,3.43,4,1,1
88,0,1,28,190.6,104,32.4,237.3,105,20.17,211.6,116,9.52,9.8,1,2.65,2,0,0
105,0,0,0,102.8,74,17.48,281.7,125,23.94,228.1,113,10.26,13.2,5,3.56,2,0,0
24,0,0,0,243.0,91,41.31,183.9,77,15.63,184.3,109,8.29,15.3,6,4.13,0,0,1
94,0,0,0,85.9,113,14.6,226.7,91,19.27,279.6,110,12.58,15.6,16,4.21,0,0,0
113,0,0,0,215.5,129,36.64,218.7,117,18.59,207.1,91,9.32,6.6,9,1.78,4,0,0
62,0,0,0,172.8,101,29.38,204.8,97,17.41,240.8,90,10.84,9.1,8,2.46,2,0,0
140,0,0,0,162.6,98,27.64,206.2,109,17.53,141.6,66,6.37,8.2,2,2.21,1,0,0
75,0,1,27,117.5,102,19.98,206.8,127,17.58,194.4,114,8.75,4.2,7,1.13,3,0,0
113,0,0,0,207.2,113,35.22,256.0,80,21.76,211.0,87,9.49,9.9,1,2.67,1,1,0
130,0,0,0,213.1,105,36.23,206.2,108,17.53,163.4,93,7.35,8.9,3,2.4,0,0,0
83,0,1,26,226.4,117,38.49,234.7,97,19.95,133.6,82,6.01,10.8,7,2.92,1,0,0
105,0,1,31,109.6,108,18.63,249.3,119,21.19,321.2,101,14.45,8.3,4,2.24,4,0,1
123,0,0,0,209.4,49,35.6,237.4,117,20.18,239.2,98,10.76,9.8,11,2.65,1,0,0
143,0,1,24,186.6,69,31.72,222.0,116,18.87,234.9,138,10.57,11.6,5,3.13,1,0,0
138,0,0,0,87.6,112,14.89,266.9,107,22.69,214.6,104,9.66,9.8,10,2.65,2,0,0
93,1,0,0,216.9,61,36.87,207.4,120,17.63,221.7,110,9.98,17.5,5,4.73,1,1,1
100,0,1,33,218.7,104,37.18,155.0,144,13.18,99.0,117,4.46,12.1,4,3.27,1,0,0
104,0,1,23,280.2,136,47.63,220.5,92,18.74,136.9,102,6.16,13.3,3,3.59,4,0,0
54,0,0,0,286.6,73,48.72,223.2,108,18.97,203.7,107,9.17,11.5,5,3.11,1,1,1
122,0,1,27,253.7,84,43.13,229.2,109,19.48,190.5,123,8.57,9.2,5,2.48,7,0,0
132,0,0,0,193.3,106,32.86,128.3,94,10.91,162.1,119,7.29,11.6,4,3.13,5,0,1
66,0,0,0,201.3,95,34.22,152.8,66,12.99,233.2,101,10.49,7.5,4,2.03,1,0,0
97,0,0,0,217.6,81,36.99,320.5,51,27.24,150.7,110,6.78,4.2,3,1.13,0,0,0
105,0,0,0,106.4,71,18.09,240.1,83,20.41,147.7,114,6.65,5.3,4,1.43,6,1,1
19,1,0,0,237.7,98,40.41,207.1,121,17.6,182.2,95,8.2,4.5,4,1.22,0,0,0
43,0,0,0,168.4,125,28.63,243.8,89,20.72,214.7,102,9.66,11.1,2,3.0,1,0,0
80,0,0,0,161.1,99,27.39,198.8,81,16.9,228.4,116,10.28,10.6,4,2.86,1,0,0
19,0,0,0,259.4,116,44.1,269.7,109,22.92,175.3,130,7.89,9.5,3,2.57,1,1,1
92,0,1,47,141.6,95,24.07,207.9,130,17.67,203.6,95,9.16,10.2,11,2.75,0,0,0
62,0,0,0,186.8,94,31.76,207.6,92,17.65,195.0,98,8.78,8.8,4,2.38,3,0,0
91,0,0,0,134.7,116,22.9,295.3,98,25.1,195.5,121,8.8,6.6,5,1.78,2,0,0
110,0,0,0,185.1,100,31.47,165.1,88,14.03,111.6,104,5.02,6.3,4,1.7,3,0,0
165,0,0,0,242.9,126,41.29,209.8,65,17.83,228.4,126,10.28,0.0,0,0.0,1,0,0
43,0,0,0,230.2,147,39.13,186.7,121,15.87,128.4,100,5.78,9.2,3,2.48,0,0,0
89,0,0,0,178.7,81,30.38,233.7,74,19.86,131.9,120,5.94,9.1,4,2.46,1,0,0
154,0,0,0,191.4,93,32.54,205.4,119,17.46,205.7,121,9.26,10.2,3,2.75,3,0,0
87,0,0,0,223.2,109,37.94,127.5,86,10.84,289.3,83,13.02,14.5,4,3.92,3,0,0
210,0,1,31,313.8,87,53.35,147.7,103,12.55,192.7,97,8.67,10.1,7,2.73,3,0,0
90,0,0,0,246.4,83,41.89,160.3,88,13.63,170.9,99,7.69,7.6,7,2.05,1,0,0
121,1,0,0,167.7,94,28.51,93.7,121,7.96,241.3,115,10.86,13.4,1,3.62,3,1,1
87,0,0,0,234.8,85,39.92,140.9,91,11.98,204.3,93,9.19,9.5,5,2.57,1,0,0
83,0,0,0,117.9,101,20.04,160.4,92,13.63,235.3,150,10.59,11.4,10,3.08,0,0,0
60,0,0,0,207.8,109,35.33,123.5,112,10.5,291.6,115,13.12,5.7,9,1.54,0,0,0
116,0,0,0,89.5,128,15.22,180.8,137,15.37,193.1,94,8.69,14.0,3,3.78,2,0,0
32,0,0,0,171.2,82,29.1,185.6,102,15.78,203.3,64,9.15,10.2,7,2.75,1,0,0
74,0,0,0,124.0,102,21.08,262.1,101,22.28,268.2,98,12.07,11.7,2,3.16,2,0,0
94,0,0,0,194.1,62,33.0,227.2,54,19.31,190.4,115,8.57,15.3,4,4.13,1,0,0
101,0,0,0,269.7,85,45.85,207.6,86,17.65,214.2,107,9.64,4.5,15,1.22,3,0,1
83,0,1,30,272.5,105,46.33,253.0,83,21.51,180.8,123,8.14,8.7,6,2.35,3,0,0
138,1,0,0,286.2,61,48.65,187.2,60,15.91,146.2,114,6.58,11.0,4,2.97,2,1,1
86,0,0,0,126.3,115,21.47,168.8,112,14.35,154.6,95,6.96,9.8,7,2.65,2,0,0
157,0,0,0,152.7,105,25.96,257.5,80,21.89,198.1,93,8.91,9.4,4,2.54,1,0,0
103,0,1,29,164.1,111,27.9,219.1,96,18.62,220.3,108,9.91,12.3,9,3.32,0,0,0
100,0,0,0,160.3,138,27.25,221.3,92,18.81,150.4,120,6.77,11.2,2,3.02,0,0,0
23,0,0,0,190.2,89,32.33,166.4,108,14.14,219.8,73,9.89,15.0,4,4.05,6,0,0
138,0,0,0,240.8,104,40.94,144.5,92,12.28,125.7,98,5.66,11.6,1,3.13,0,0,0
50,0,0,0,154.7,102,26.3,298.0,108,25.33,210.2,95,9.46,11.1,3,3.0,0,0,0
72,0,0,0,198.4,147,33.73,216.9,121,18.44,112.8,125,5.08,13.1,4,3.54,0,0,0
110,0,1,40,202.6,103,34.44,118.8,128,10.1,234.9,98,10.57,9.0,9,2.43,2,0,0
92,0,1,44,152.0,95,25.84,274.9,73,23.37,162.4,121,7.31,10.0,1,2.7,2,0,0
59,0,0,0,166.3,95,28.27,239.3,87,20.34,123.2,108,5.54,10.0,3,2.7,2,0,0
98,0,0,0,221.2,80,37.6,213.6,104,18.16,291.8,89,13.13,11.9,3,3.21,4,0,0
148,0,1,14,93.6,137,15.91,193.8,72,16.47,144.9,84,6.52,17.5,5,4.73,1,0,0
70,0,0,0,129.9,102,22.08,208.7,133,17.74,231.4,93,10.41,14.3,3,3.86,1,0,0
124,0,0,0,157.5,70,26.78,130.7,79,11.11,193.4,98,8.7,9.6,4,2.59,3,0,0
121,0,1,28,110.0,94,18.7,141.5,76,12.03,237.3,87,10.68,6.4,3,1.73,2,0,0
88,0,0,0,183.5,93,31.2,170.5,80,14.49,193.8,88,8.72,8.3,5,2.24,3,0,0
129,0,1,31,193.0,99,32.81,224.8,87,19.11,197.6,91,8.89,10.3,8,2.78,2,0,0
78,0,0,0,162.3,116,27.59,192.4,86,16.35,240.6,100,10.83,10.1,3,2.73,2,0,0
132,0,0,0,181.1,121,30.79,314.4,109,26.72,246.7,81,11.1,4.2,9,1.13,2,0,0
161,0,0,0,173.4,100,29.48,213.7,74,18.16,141.5,69,6.37,11.5,4,3.11,1,0,0
33,0,0,0,184.4,111,31.35,203.8,110,17.32,237.4,100,10.68,9.3,5,2.51,3,0,0
59,0,0,0,204.3,65,34.73,247.3,123,21.02,214.7,94,9.66,12.0,4,3.24,1,0,0
111,0,0,0,176.4,62,29.99,201.0,124,17.09,150.4,138,6.77,11.2,2,3.02,0,0,0
112,0,0,0,111.9,92,19.02,114.0,143,9.69,146.8,79,6.61,14.1,3,3.81,5,1,1
111,0,0,0,294.7,90,50.1,294.6,72,25.04,260.1,121,11.7,10.8,3,2.92,1,1,1
36,1,1,42,196.8,89,33.46,254.9,122,21.67,138.3,126,6.22,20.0,6,5.4,0,1,1
132,0,0,0,99.5,110,16.92,129.1,80,10.97,125.1,124,5.63,9.7,3,2.62,0,0,0
174,0,1,33,167.8,91,28.53,205.3,91,17.45,130.0,132,5.85,14.5,4,3.92,4,0,1
139,0,1,25,96.2,112,16.35,178.9,70,15.21,182.1,84,8.19,12.9,10,3.48,2,0,0
101,0,0,0,253.2,89,43.04,237.9,114,20.22,154.3,85,6.94,9.7,7,2.62,4,1,0
93,1,0,0,168.4,114,28.63,276.0,127,23.46,196.2,48,8.83,11.4,3,3.08,1,1,0
107,0,0,0,167.3,100,28.44,163.9,79,13.93,185.9,100,8.37,6.7,5,1.81,2,0,0
62,0,0,0,98.9,103,16.81,135.4,122,11.51,236.6,82,10.65,12.2,1,3.29,1,0,0
114,0,0,0,84.7,118,14.4,249.9,86,21.24,193.4,95,8.7,14.5,8,3.92,1,0,0
79,0,0,0,177.9,83,30.24,167.3,84,14.22,223.7,142,10.07,15.2,8,4.1,0,0,0
103,0,1,35,110.5,101,18.79,208.3,81,17.71,87.4,77,3.93,13.9,2,3.75,4,0,1
123,0,0,0,257.9,92,43.84,211.6,71,17.99,189.3,104,8.52,9.4,2,2.54,2,1,0
106,0,0,0,193.6,66,32.91,238.2,82,20.25,176.4,107,7.94,12.9,3,3.48,0,0,0
38,0,1,31,197.2,118,33.52,249.9,70,21.24,298.9,104,13.45,3.9,2,1.05,0,0,0
107,0,0,0,146.9,94,24.97,114.3,111,9.72,114.5,97,5.15,11.4,5,3.08,3,0,0
111,0,1,36,96.8,123,16.46,170.6,105,14.5,166.0,85,7.47,13.4,4,3.62,2,0,0
114,0,1,36,309.9,90,52.68,200.3,89,17.03,183.5,105,8.26,14.2,2,3.83,1,0,0
77,0,1,24,149.4,74,25.4,123.9,72,10.53,174.3,84,7.84,10.1,6,2.73,1,0,0
124,0,0,0,253.5,104,43.1,117.9,123,10.02,248.5,104,11.18,14.0,2,3.78,0,0,0
16,0,0,0,229.6,78,39.03,205.7,108,17.48,166.2,91,7.48,10.8,2,2.92,0,0,1
45,0,0,0,78.2,127,13.29,253.4,108,21.54,255.0,100,11.48,18.0,3,4.86,1,0,0
119,0,1,29,117.8,66,20.03,256.8,114,21.83,147.6,76,6.64,7.6,3,2.05,3,0,0
121,0,0,0,207.9,98,35.34,210.5,96,17.89,109.6,114,4.93,7.7,2,2.08,2,0,0
129,0,1,36,192.8,103,32.78,177.0,83,15.05,216.5,118,9.74,16.4,5,4.43,1,0,0
93,0,0,0,151.4,89,25.74,186.4,76,15.84,172.5,120,7.76,10.9,3,2.94,0,0,0
190,0,0,0,142.9,96,24.29,177.9,96,15.12,113.3,117,5.1,6.6,4,1.78,0,0,0
54,0,0,0,159.8,99,27.17,264.0,64,22.44,115.7,70,5.21,9.7,7,2.62,2,0,0
48,0,0,0,210.8,84,35.84,189.6,98,16.12,157.6,99,7.09,16.4,3,4.43,2,0,0
90,0,0,0,113.2,108,19.24,189.3,63,16.09,271.8,124,12.23,14.1,4,3.81,3,0,0
107,0,1,27,283.4,104,48.18,224.1,152,19.05,241.3,63,10.86,14.4,7,3.89,2,0,0
128,1,0,0,245.2,112,41.68,101.5,101,8.63,152.3,116,6.85,10.7,5,2.89,0,0,0
67,0,1,30,129.6,107,22.03,233.0,104,19.81,297.0,93,13.37,14.5,5,3.92,1,0,0
88,1,0,0,235.1,98,39.97,251.8,79,21.4,285.9,76,12.87,7.2,2,1.94,4,1,1
133,0,1,39,239.9,107,40.78,253.8,77,21.57,128.7,85,5.79,6.7,3,1.81,5,0,0
95,0,0,0,198.4,113,33.73,235.9,144,20.05,325.6,99,14.65,10.1,3,2.73,0,0,0
36,0,0,0,253.4,77,43.08,182.4,151,15.5,275.8,103,12.41,8.4,2,2.27,1,1,0
45,0,1,38,196.8,92,33.46,254.2,108,21.61,261.8,85,11.78,7.7,2,2.08,1,0,0
13,0,1,31,265.3,94,45.1,147.6,95,12.55,259.3,117,11.67,12.9,1,3.48,1,0,0
209,0,0,0,227.2,128,38.62,258.4,92,21.96,183.5,74,8.26,8.9,4,2.4,3,1,0
68,1,1,39,142.0,140,24.14,241.6,89,20.54,302.0,72,13.59,11.3,5,3.05,1,0,0
72,0,1,21,186.7,108,31.74,335.0,86,28.48,187.2,119,8.42,16.5,4,4.46,1,0,0
36,0,1,43,29.9,123,5.08,129.1,117,10.97,325.9,105,14.67,8.6,6,2.32,2,0,0
116,0,0,0,197.9,84,33.64,168.1,113,14.29,239.8,145,10.79,12.0,6,3.24,1,0,0
160,0,0,0,121.8,97,20.71,89.3,97,7.59,150.7,92,6.78,10.3,5,2.78,1,0,0
93,0,0,0,239.8,70,40.77,251.8,99,21.4,168.6,112,7.59,10.9,10,2.94,1,1,0
85,0,0,0,183.4,111,31.18,168.8,98,14.35,199.7,97,8.99,9.9,4,2.67,4,0,0
119,0,0,0,154.5,129,26.27,193.6,87,16.46,180.9,145,8.14,13.4,3,3.62,2,0,0
139,0,0,0,236.6,109,40.22,169.9,107,14.44,212.3,118,9.55,11.1,2,3.0,1,0,1
108,0,0,0,73.8,105,12.55,143.4,114,12.19,170.2,98,7.66,10.9,3,2.94,2,0,0
101,0,0,0,220.3,124,37.45,188.6,101,16.03,278.4,98,12.53,10.6,4,2.86,1,0,0
87,0,1,39,82.6,113,14.04,224.4,63,19.07,163.6,88,7.36,9.5,1,2.57,3,0,0
68,0,0,0,249.9,127,42.48,254.5,118,21.63,273.2,98,12.29,8.9,6,2.4,2,1,1
61,0,1,27,187.5,124,31.88,146.6,103,12.46,225.7,129,10.16,6.4,6,1.73,4,0,1
56,1,0,0,177.7,114,30.21,215.6,110,18.33,236.7,67,10.65,10.5,5,2.84,1,0,0
149,0,0,0,119.2,88,20.26,168.3,110,14.31,204.7,119,9.21,12.2,6,3.29,4,1,1
88,0,0,0,181.5,116,30.86,187.0,119,15.9,220.3,96,9.91,10.5,7,2.84,1,0,0
152,1,1,20,237.5,120,40.38,253.4,94,21.54,265.2,80,11.93,14.2,3,3.83,9,0,1
95,0,1,39,260.8,130,44.34,213.4,111,18.14,195.6,97,8.8,10.1,5,2.73,1,0,0
109,0,0,0,175.6,80,29.85,238.0,94,20.23,198.4,103,8.93,10.2,6,2.75,1,0,0
146,1,0,0,204.4,135,34.75,219.1,90,18.62,222.7,114,10.02,10.5,6,2.84,3,0,0
137,0,0,0,205.9,88,35.0,209.3,86,17.79,289.9,84,13.05,14.5,4,3.92,2,0,0
152,0,0,0,197.1,126,33.51,130.1,76,11.06,78.1,100,3.51,7.4,4,2.0,3,0,0
95,0,1,32,262.2,123,44.57,165.2,82,14.04,194.3,57,8.74,10.6,5,2.86,0,0,0
91,1,0,0,129.9,112,22.08,173.3,83,14.73,247.2,130,11.12,11.2,3,3.02,3,1,0
116,0,1,34,268.6,83,45.66,178.2,142,15.15,166.3,106,7.48,11.6,3,3.13,2,0,0
60,0,0,0,179.3,147,30.48,208.9,89,17.76,248.2,98,11.17,13.5,6,3.65,1,0,1
1,0,0,0,182.1,106,30.96,134.9,106,11.47,152.3,75,6.85,10.0,3,2.7,5,0,1
108,0,0,0,112.0,105,19.04,193.7,110,16.46,208.9,93,9.4,4.1,4,1.11,4,1,1
105,0,0,0,101.4,48,17.24,159.1,119,13.52,259.2,53,11.66,12.2,2,3.29,1,0,0
140,1,1,27,188.9,124,32.11,160.9,102,13.68,197.7,100,8.9,11.5,5,3.11,4,0,0
73,0,0,0,241.7,115,41.09,168.5,133,14.32,169.8,122,7.64,11.1,2,3.0,2,0,0
104,0,0,0,118.5,92,20.15,177.8,109,15.11,255.7,98,11.51,12.1,4,3.27,1,0,0
115,1,0,0,180.0,119,30.6,198.8,126,16.9,217.1,70,9.77,12.4,3,3.35,1,0,0
80,0,0,0,101.1,121,17.19,263.2,110,22.37,137.7,74,6.2,7.3,5,1.97,0,0,0
69,0,0,0,195.1,91,33.17,261.5,57,22.23,203.8,90,9.17,11.4,5,3.08,0,0,0
60,1,0,0,183.0,110,31.11,206.7,93,17.57,203.8,119,9.17,11.1,6,3.0,1,0,0
117,1,0,0,287.4,118,48.86,259.6,84,22.07,153.2,86,6.89,10.0,3,2.7,1,1,1
111,0,0,0,172.8,58,29.38,183.1,108,15.56,158.8,104,7.15,7.9,3,2.13,4,1,1
127,0,0,0,134.9,79,22.93,221.5,114,18.83,113.8,118,5.12,15.0,2,4.05,1,0,0
24,0,1,25,164.9,110,28.03,209.3,105,17.79,231.2,55,10.4,6.7,9,1.81,1,0,0
109,0,0,0,193.6,58,32.91,148.7,115,12.64,282.5,105,12.71,13.1,1,3.54,2,0,0
116,0,0,0,133.3,94,22.66,247.8,126,21.06,219.0,78,9.86,11.3,5,3.05,5,1,1
106,0,0,0,235.2,121,39.98,220.6,87,18.75,236.3,91,10.63,11.8,4,3.19,1,0,0
90,0,0,0,222.0,93,37.74,187.0,103,15.9,282.3,124,12.7,12.4,6,3.35,2,0,0
67,0,1,20,230.6,40,39.2,189.1,58,16.07,162.2,115,7.3,9.4,2,2.54,1,0,0
51,0,1,26,236.8,61,40.26,263.4,97,22.39,181.1,91,8.15,11.2,8,3.02,1,0,0
48,0,0,0,171.9,98,29.22,159.0,127,13.52,139.5,101,6.28,7.6,3,2.05,2,0,0
118,1,0,0,160.0,123,27.2,175.4,96,14.91,184.8,99,8.32,9.9,3,2.67,2,0,0
157,0,0,0,168.6,71,28.66,205.1,48,17.43,175.8,88,7.91,5.9,2,1.59,3,0,0
163,0,1,22,215.1,91,36.57,138.9,102,11.81,146.2,109,6.58,12.4,2,3.35,2,0,0
134,0,0,0,208.3,86,35.41,253.6,89,21.56,291.0,86,13.1,12.6,3,3.4,1,0,0
138,0,0,0,171.4,117,29.14,115.2,128,9.79,224.5,115,10.1,17.0,4,4.59,3,0,0
140,0,0,0,125.3,84,21.3,167.6,121,14.25,260.6,94,11.73,8.4,4,2.27,1,0,0
92,0,0,0,139.8,98,23.77,174.9,143,14.87,201.6,135,9.07,9.4,7,2.54,2,0,0
131,0,1,34,156.6,134,26.62,71.0,95,6.04,261.7,120,11.78,13.4,10,3.62,1,0,0
58,0,0,0,174.4,112,29.65,265.8,122,22.59,182.4,87,8.21,0.0,0,0.0,4,0,0
3,0,0,0,185.0,120,31.45,203.7,129,17.31,170.5,89,7.67,14.1,3,3.81,3,0,0
95,0,1,27,129.5,106,22.02,248.9,90,21.16,268.0,115,12.06,11.9,3,3.21,1,0,0
82,0,1,29,163.8,77,27.85,134.9,112,11.47,79.3,95,3.57,8.8,2,2.38,2,0,0
11,0,1,38,209.8,130,35.67,196.6,84,16.71,233.0,79,10.49,7.0,7,1.89,1,0,0
86,0,0,0,136.4,104,23.19,202.5,110,17.21,230.7,86,10.38,11.5,1,3.11,3,0,0
68,0,0,0,178.7,61,30.38,252.3,84,21.45,255.7,76,11.51,8.4,4,2.27,1,0,0
99,0,0,0,145.6,102,24.75,230.9,87,19.63,181.5,86,8.17,11.4,7,3.08,1,0,0
90,0,1,30,183.8,76,31.25,229.7,95,19.52,144.1,124,6.48,7.7,3,2.08,1,0,0
69,0,0,0,228.2,70,38.79,263.7,80,22.41,142.6,60,6.42,10.7,5,2.89,3,0,0
68,0,0,0,222.8,99,37.88,175.8,85,14.94,202.0,111,9.09,11.0,3,2.97,3,0,0
126,0,1,24,58.9,125,10.01,305.5,90,25.97,158.9,73,7.15,12.1,6,3.27,0,0,0
51,0,0,0,169.3,111,28.78,139.5,69,11.86,197.0,87,8.87,12.0,3,3.24,0,0,0
85,0,0,0,126.1,112,21.44,274.7,126,23.35,184.4,95,8.3,9.8,4,2.65,1,0,0
64,0,0,0,216.9,78,36.87,211.0,115,17.94,179.8,116,8.09,11.4,5,3.08,3,0,0
113,1,0,0,204.3,82,34.73,188.8,115,16.05,139.4,97,6.27,9.2,7,2.48,1,0,0
75,0,1,26,118.5,86,20.15,213.9,118,18.18,132.6,99,5.97,13.4,3,3.62,2,0,0
99,0,0,0,145.6,106,24.75,98.3,106,8.36,230.8,83,10.39,10.9,5,2.94,1,0,0
104,0,0,0,138.7,107,23.58,256.9,113,21.84,234.9,74,10.57,10.0,3,2.7,0,0,0
112,0,1,36,113.7,117,19.33,157.5,82,13.39,177.6,118,7.99,10.0,3,2.7,2,0,0
128,0,0,0,125.2,99,21.28,205.4,107,17.46,254.4,111,11.45,18.9,2,5.1,0,0,0
63,1,1,21,151.5,99,25.76,147.8,89,12.56,210.4,114,9.47,10.0,4,2.7,1,0,0
96,0,1,21,247.6,95,42.09,256.3,150,21.79,158.6,72,7.14,10.8,6,2.92,2,0,0
74,0,1,25,194.6,84,33.08,119.9,103,10.19,175.5,75,7.9,13.1,2,3.54,2,0,0
93,0,0,0,152.1,141,25.86,215.5,107,18.32,262.4,111,11.81,12.0,7,3.24,1,0,0
141,0,1,32,322.4,92,54.81,283.2,107,24.07,209.5,111,9.43,6.7,3,1.81,1,0,1
117,1,0,0,54.2,100,9.21,303.2,84,25.77,171.8,84,7.73,8.6,2,2.32,1,1,1
153,0,0,0,166.8,127,28.36,143.5,121,12.2,210.7,130,9.48,11.8,4,3.19,0,0,0
120,0,0,0,185.7,133,31.57,235.1,149,19.98,256.4,78,11.54,16.9,6,4.56,0,0,0
118,0,0,0,224.6,94,38.18,225.9,120,19.2,269.0,105,12.11,12.5,8,3.38,2,1,0
99,1,0,0,242.3,102,41.19,350.9,102,29.83,163.1,93,7.34,11.3,3,3.05,0,1,1
67,0,0,0,176.2,120,29.95,236.0,138,20.06,152.5,104,6.86,10.6,4,2.86,1,0,0
105,0,1,15,88.1,125,14.98,175.9,142,14.95,269.9,85,12.15,9.7,1,2.62,2,0,0
135,0,0,0,239.9,91,40.78,177.1,104,15.05,217.2,118,9.77,5.9,3,1.59,2,0,0
145,0,0,0,245.8,116,41.79,286.7,91,24.37,240.7,115,10.83,9.0,13,2.43,1,1,1
35,0,0,0,179.2,59,30.46,283.3,101,24.08,285.4,83,12.84,5.8,7,1.57,2,0,0
163,1,0,0,197.2,90,33.52,188.5,113,16.02,211.1,94,9.5,7.8,8,2.11,1,0,0
76,0,0,0,263.4,148,44.78,230.3,69,19.58,170.6,101,7.68,11.4,5,3.08,1,1,1
65,0,0,0,153.9,117,26.16,220.1,122,18.71,280.5,147,12.62,8.5,3,2.3,2,0,0
132,0,0,0,195.1,100,33.17,148.8,95,12.65,224.5,117,10.1,6.7,2,1.81,0,0,0
118,0,1,26,170.8,114,29.04,199.5,125,16.96,169.7,98,7.64,9.6,5,2.59,5,0,1
8,0,1,36,242.9,67,41.29,170.9,59,14.53,177.3,130,7.98,4.8,12,1.3,1,0,0
85,0,0,0,212.3,107,36.09,228.4,103,19.41,163.3,116,7.35,7.7,3,2.08,0,0,0
87,0,0,0,171.6,119,29.17,205.0,107,17.43,170.6,114,7.68,13.8,4,3.73,0,0,0
136,1,0,0,183.4,103,31.18,141.9,113,12.06,200.4,122,9.02,10.4,9,2.81,2,0,0
190,0,1,22,166.5,93,28.31,183.0,92,15.56,121.0,102,5.44,8.5,3,2.3,0,0,0
36,0,0,0,175.1,144,29.77,216.9,69,18.44,243.7,146,10.97,9.9,3,2.67,1,0,0
69,0,0,0,143.6,88,24.41,141.8,86,12.05,194.0,83,8.73,10.8,5,2.92,3,0,0
61,0,1,20,254.4,133,43.25,161.7,96,13.74,251.4,91,11.31,10.5,4,2.84,0,0,0
72,0,1,37,220.0,80,37.4,217.3,102,18.47,152.8,71,6.88,14.7,6,3.97,3,0,0
166,0,0,0,181.4,108,30.84,253.8,54,21.57,112.3,94,5.05,11.6,6,3.13,1,0,0
40,0,0,0,81.7,123,13.89,210.2,108,17.87,212.0,64,9.54,11.3,3,3.05,6,1,1
119,0,0,0,287.1,115,48.81,159.3,99,13.54,216.8,86,9.76,13.9,1,3.75,2,1,1
181,1,0,0,161.3,83,27.42,124.4,83,10.57,262.0,98,11.79,14.1,3,3.81,0,1,1
59,0,1,27,127.4,110,21.66,103.3,99,8.78,164.2,73,7.39,9.1,3,2.46,0,0,0
124,0,0,0,254.3,113,43.23,78.9,104,6.71,153.2,69,6.89,11.8,2,3.19,2,0,0
98,0,0,0,217.2,121,36.92,303.4,73,25.79,197.1,71,8.87,12.4,2,3.35,0,0,1
144,0,0,0,201.1,99,34.19,303.5,74,25.8,224.0,119,10.08,13.2,2,3.56,1,0,0
71,0,1,22,141.4,107,24.04,163.0,105,13.86,220.0,99,9.9,5.6,3,1.51,2,0,0
113,0,0,0,61.2,111,10.4,92.3,88,7.85,197.4,114,8.88,13.7,3,3.7,5,1,1
90,0,0,0,214.9,97,36.53,117.8,117,10.01,133.7,78,6.02,11.8,2,3.19,2,0,0
133,0,0,0,176.8,92,30.06,187.5,97,15.94,196.8,88,8.86,6.5,3,1.76,2,0,0
54,0,1,39,143.9,73,24.46,210.3,117,17.88,129.2,117,5.81,12.5,8,3.38,2,0,0
77,0,1,33,143.0,101,24.31,212.2,102,18.04,104.9,120,4.72,15.3,4,4.13,5,0,1
99,1,0,0,197.2,127,33.52,156.0,92,13.26,204.1,99,9.18,9.9,6,2.67,4,0,0
74,0,0,0,85.7,83,14.57,247.7,67,21.05,142.4,85,6.41,10.1,5,2.73,2,0,0
100,0,0,0,166.0,102,28.22,236.1,97,20.07,134.3,93,6.04,10.9,4,2.94,1,0,0
86,0,1,38,123.0,158,20.91,133.9,119,11.38,138.2,103,6.22,13.3,4,3.59,1,0,0
82,0,0,0,200.3,96,34.05,201.2,102,17.1,206.1,60,9.27,7.1,1,1.92,4,0,0
90,1,0,0,221.8,97,37.71,203.8,134,17.32,215.8,154,9.71,8.4,4,2.27,1,0,0
159,0,1,15,113.9,102,19.36,145.3,146,12.35,195.2,137,8.78,11.8,9,3.19,1,0,0
147,0,0,0,130.6,83,22.2,208.1,144,17.69,204.6,72,9.21,15.6,3,4.21,3,0,0
63,0,0,0,83.0,64,14.11,177.0,106,15.05,245.7,89,11.06,13.0,3,3.51,0,0,0
100,0,0,0,131.1,108,22.29,176.2,81,14.98,89.7,81,4.04,4.3,4,1.16,1,0,0
124,0,1,37,161.2,109,27.4,204.2,79,17.36,231.5,87,10.42,8.9,4,2.4,1,0,0
39,0,0,0,60.4,158,10.27,306.2,120,26.03,123.9,46,5.58,12.4,3,3.35,1,0,0
114,0,0,0,147.1,119,25.01,161.0,111,13.69,275.9,106,12.42,9.0,3,2.43,5,1,1
104,0,0,0,109.1,141,18.55,187.1,140,15.9,216.6,100,9.75,10.0,4,2.7,3,0,0
86,0,1,16,145.7,88,24.77,191.0,129,16.24,215.5,82,9.7,11.3,7,3.05,0,0,0
73,0,0,0,122.0,92,20.74,138.3,114,11.76,224.2,128,10.09,5.8,5,1.57,1,0,0
98,0,0,0,0.0,0,0.0,159.6,130,13.57,167.1,88,7.52,6.8,1,1.84,4,1,1
125,0,0,0,224.9,102,38.23,143.8,87,12.22,198.9,105,8.95,8.0,2,2.16,0,0,0
91,0,0,0,133.8,61,22.75,158.8,96,13.5,189.6,92,8.53,10.5,2,2.84,1,0,0
131,0,0,0,112.8,133,19.18,199.4,116,16.95,142.7,105,6.42,10.1,5,2.73,0,0,0
159,0,0,0,275.8,103,46.89,189.5,108,16.11,223.9,93,10.08,7.4,5,2.0,2,1,1
131,0,0,0,109.5,95,18.62,332.1,48,28.23,258.6,108,11.64,6.6,7,1.78,1,0,0
102,1,0,0,224.2,81,38.11,243.3,90,20.68,147.8,66,6.65,12.0,8,3.24,3,0,0
125,0,1,23,120.5,104,20.49,227.8,115,19.36,158.5,100,7.13,10.2,3,2.75,1,0,0
121,0,1,34,245.0,95,41.65,216.9,66,18.44,112.4,125,5.06,7.5,8,2.03,0,0,0
112,0,0,0,185.4,114,31.52,191.4,119,16.27,144.0,78,6.48,10.0,11,2.7,2,0,0
120,0,0,0,134.8,94,22.92,204.1,106,17.35,238.4,109,10.73,6.7,8,1.81,1,0,0
53,0,0,0,205.1,86,34.87,160.5,95,13.64,149.5,142,6.73,10.7,2,2.89,3,0,0
87,0,1,22,263.8,65,44.85,103.4,115,8.79,208.1,109,9.36,8.5,3,2.3,3,0,0
104,0,0,0,138.7,100,23.58,215.4,58,18.31,164.3,98,7.39,4.9,4,1.32,2,0,0
176,0,0,0,47.4,125,8.06,167.8,90,14.26,163.1,107,7.34,10.5,8,2.84,2,0,0
138,0,1,29,190.1,87,32.32,223.2,123,18.97,256.2,130,11.53,14.2,6,3.83,0,0,0
126,0,0,0,122.4,88,20.81,143.8,111,12.22,157.0,106,7.07,11.5,3,3.11,1,0,0
74,0,0,0,230.9,93,39.25,223.0,78,18.96,157.8,101,7.1,9.7,2,2.62,3,0,0
148,1,0,0,148.2,138,25.19,159.6,123,13.57,197.4,62,8.88,8.6,3,2.32,2,0,0
141,0,0,0,192.4,111,32.71,156.9,87,13.34,175.8,82,7.91,11.0,6,2.97,0,0,0
156,0,0,0,174.3,95,29.63,186.6,128,15.86,258.2,105,11.62,12.9,5,3.48,3,0,0
78,0,0,0,137.4,109,23.36,237.6,49,20.2,206.7,136,9.3,14.0,11,3.78,3,0,0
51,0,0,0,51.8,107,8.81,230.2,104,19.57,227.5,118,10.24,10.4,4,2.81,2,0,0
105,0,0,0,226.9,106,38.57,182.2,77,15.49,203.9,107,9.18,11.6,2,3.13,0,0,1
71,0,0,0,141.2,132,24.0,149.1,90,12.67,171.4,72,7.71,7.0,2,1.89,2,0,0
193,0,0,0,170.9,124,29.05,132.3,95,11.25,112.9,89,5.08,11.6,3,3.13,1,0,0
99,0,0,0,146.7,64,24.94,274.0,99,23.29,321.3,98,14.46,8.9,1,2.4,3,0,0
147,0,0,0,168.6,92,28.66,187.7,107,15.95,216.5,95,9.74,14.4,8,3.89,2,0,0
74,0,0,0,172.1,105,29.26,211.7,99,17.99,182.2,105,8.2,11.6,6,3.13,1,0,0
80,1,0,0,276.5,122,47.01,195.6,79,16.63,210.3,78,9.46,7.2,3,1.94,1,1,1
133,0,0,0,187.0,65,31.79,141.4,128,12.02,238.2,108,10.72,10.0,8,2.7,2,0,0
154,0,0,0,166.9,99,28.37,154.9,97,13.17,189.4,89,8.52,7.2,5,1.94,0,0,0
129,0,0,0,207.0,91,35.19,154.9,121,13.17,245.1,112,11.03,13.4,5,3.62,3,0,0
64,0,0,0,213.5,93,36.3,166.6,114,14.16,122.0,78,5.49,14.1,3,3.81,3,0,0
95,1,0,0,228.9,134,38.91,255.7,71,21.73,208.0,120,9.36,10.1,2,2.73,4,1,1
92,1,0,0,252.3,120,42.89,207.0,112,17.6,284.6,95,12.81,12.0,5,3.24,3,1,1
87,0,0,0,205.2,106,34.88,99.5,122,8.46,189.5,75,8.53,13.4,3,3.62,1,0,0
15,0,0,0,121.1,130,20.59,216.0,86,18.36,235.1,33,10.58,16.1,5,4.35,2,0,0
120,0,0,0,180.0,80,30.6,224.2,82,19.06,265.4,91,11.94,4.7,7,1.27,3,0,0
98,0,1,22,278.3,89,47.31,93.4,143,7.94,107.6,42,4.84,9.7,5,2.62,0,0,0
120,0,0,0,178.4,97,30.33,168.3,113,14.31,120.5,93,5.42,9.3,9,2.51,1,0,0
56,0,0,0,164.3,92,27.93,233.7,107,19.86,187.3,104,8.43,11.8,1,3.19,2,0,0
86,0,0,0,176.3,79,29.97,259.2,97,22.03,287.4,78,12.93,6.2,3,1.67,0,0,0
98,0,0,0,187.2,127,31.82,195.6,88,16.63,181.8,129,8.18,5.1,4,1.38,1,0,0
124,0,0,0,251.5,85,42.76,214.2,98,18.21,186.1,71,8.37,11.1,6,3.0,3,1,0
119,0,0,0,133.4,102,22.68,204.6,71,17.39,196.9,103,8.86,11.1,7,3.0,1,0,0
139,0,0,0,271.6,130,46.17,156.0,131,13.26,136.3,108,6.13,11.6,9,3.13,2,0,0
40,0,0,0,109.4,107,18.6,244.7,102,20.8,276.9,123,12.46,7.1,7,1.92,0,0,0
70,0,1,30,143.4,72,24.38,170.0,92,14.45,127.9,68,5.76,9.4,4,2.54,3,0,0
37,1,1,39,149.7,122,25.45,211.1,75,17.94,114.3,90,5.14,9.2,4,2.48,1,0,0
179,0,0,0,219.2,92,37.26,149.4,125,12.7,244.7,104,11.01,6.1,5,1.65,0,0,0
108,0,0,0,215.6,78,36.65,195.3,119,16.6,194.4,65,8.75,3.6,5,0.97,1,0,0
221,0,1,24,180.5,85,30.69,224.1,92,19.05,205.7,103,9.26,2.4,3,0.65,0,0,0
179,0,0,0,116.1,101,19.74,201.8,99,17.15,181.9,103,8.19,11.6,5,3.13,0,0,0
107,0,1,38,219.4,92,37.3,180.5,73,15.34,104.1,91,4.68,11.0,1,2.97,2,0,0
58,0,0,0,149.4,145,25.4,196.5,105,16.7,209.5,108,9.43,14.9,3,4.02,1,0,0
150,0,1,27,209.8,112,35.67,155.0,80,13.18,251.5,111,11.32,7.2,6,1.94,0,0,0
182,0,0,0,104.9,111,17.83,198.5,120,16.87,258.2,91,11.62,8.0,5,2.16,2,0,0
85,1,0,0,116.2,86,19.75,229.7,127,19.52,204.2,109,9.19,10.1,3,2.73,3,1,0
98,0,0,0,72.8,107,12.38,186.4,103,15.84,175.3,110,7.89,10.5,4,2.84,3,0,0
90,0,1,39,94.8,89,16.12,219.1,91,18.62,197.4,65,8.88,11.4,5,3.08,1,0,0
68,0,1,24,176.0,118,29.92,277.9,116,23.62,174.7,71,7.86,14.7,7,3.97,1,0,0
138,0,0,0,133.9,87,22.76,166.4,110,14.14,193.5,139,8.71,15.4,3,4.16,1,0,0
190,0,1,26,116.7,71,19.84,145.9,88,12.4,175.1,103,7.88,9.9,3,2.67,1,0,0
97,0,0,0,120.8,96,20.54,169.8,101,14.43,194.1,63,8.73,11.9,3,3.21,4,1,1
47,1,0,0,47.8,120,8.13,178.9,123,15.21,152.6,96,6.87,13.3,7,3.59,0,1,1
116,0,0,0,129.4,84,22.0,157.3,89,13.37,215.5,77,9.7,13.3,3,3.59,0,0,0
62,0,0,0,248.7,109,42.28,220.0,118,18.7,265.7,78,11.96,13.2,2,3.56,1,1,1
126,0,0,0,175.4,120,29.82,98.3,71,8.36,201.9,93,9.09,10.6,1,2.86,0,0,0
129,0,0,0,139.5,119,23.72,289.3,105,24.59,129.4,97,5.82,13.1,8,3.54,0,0,0
124,0,0,0,178.3,102,30.31,235.0,120,19.98,239.7,119,10.79,10.9,1,2.94,3,0,0
127,0,0,0,218.6,93,37.16,149.9,130,12.74,204.6,131,9.21,9.2,5,2.48,2,0,0
102,0,0,0,123.1,106,20.93,182.0,102,15.47,244.6,75,11.01,12.6,7,3.4,2,0,0
147,0,0,0,124.4,74,21.15,320.9,78,27.28,157.2,126,7.07,10.4,4,2.81,2,0,0
49,0,0,0,119.4,69,20.3,273.3,92,23.23,214.4,153,9.65,12.4,7,3.35,2,0,0
130,0,1,26,257.2,108,43.72,224.3,122,19.07,204.0,118,9.18,12.6,4,3.4,1,0,0
80,1,1,30,184.2,132,31.31,167.5,109,14.24,212.8,114,9.58,10.0,10,2.7,0,0,0
57,0,1,25,176.8,94,30.06,195.0,75,16.58,213.5,116,9.61,8.3,4,2.24,0,0,0
147,0,0,0,209.4,104,35.6,132.5,78,11.26,149.4,123,6.72,11.3,3,3.05,2,0,0
145,0,0,0,129.4,97,22.0,185.4,101,15.76,204.7,106,9.21,1.1,2,0.3,2,0,0
104,0,1,18,182.1,66,30.96,213.6,65,18.16,193.0,108,8.69,13.4,9,3.62,2,0,0
146,0,0,0,206.3,151,35.07,148.6,89,12.63,167.2,91,7.52,6.1,3,1.65,1,0,0
83,0,1,38,107.9,90,18.34,140.4,94,11.93,253.6,79,11.41,10.5,2,2.84,0,0,0
57,0,0,0,169.6,96,28.83,234.7,112,19.95,285.4,83,12.84,11.2,4,3.02,0,0,0
97,0,0,0,168.6,87,28.66,259.2,105,22.03,279.8,123,12.59,7.3,4,1.97,1,0,0
100,0,0,0,188.5,152,32.05,148.3,115,12.61,179.8,88,8.09,15.2,5,4.1,2,0,0
107,0,0,0,90.7,90,15.42,207.5,109,17.64,169.4,96,7.62,5.6,5,1.51,2,0,0
94,0,0,0,220.8,111,37.54,156.2,67,13.28,187.9,89,8.46,10.5,4,2.84,2,0,0
60,0,0,0,180.3,67,30.65,208.0,68,17.68,181.2,101,8.15,12.8,6,3.46,2,0,0
80,0,0,0,209.9,74,35.68,195.1,77,16.58,208.2,119,9.37,8.8,4,2.38,2,0,0
58,0,1,20,194.5,110,33.07,213.7,89,18.16,236.6,92,10.65,9.5,2,2.57,1,0,0
41,0,0,0,207.2,138,35.22,214.1,83,18.2,193.0,105,8.69,11.9,4,3.21,1,0,0
76,0,1,26,214.6,110,36.48,205.2,87,17.44,134.6,140,6.06,8.1,2,2.19,1,0,0
80,0,0,0,199.8,138,33.97,167.1,91,14.2,271.8,94,12.23,5.5,4,1.49,1,0,0
108,0,1,15,165.1,85,28.07,267.0,93,22.7,250.7,114,11.28,10.9,4,2.94,1,0,0
124,1,0,0,157.8,71,26.83,203.2,114,17.27,168.7,82,7.59,10.0,2,2.7,3,1,1
225,0,0,0,165.4,106,28.12,273.7,109,23.26,210.0,93,9.45,8.7,3,2.35,0,0,1
133,1,0,0,127.3,108,21.64,251.3,81,21.36,135.0,88,6.08,10.3,3,2.78,1,0,0
156,0,0,0,150.5,106,25.59,152.9,112,13.0,215.9,86,9.72,3.5,3,0.95,1,0,0
101,0,1,33,200.1,108,34.02,188.9,122,16.06,205.1,90,9.23,15.5,4,4.19,0,0,0
68,0,0,0,131.6,89,22.37,137.0,109,11.65,256.3,107,11.53,10.2,5,2.75,3,0,0
110,1,1,27,267.9,103,45.54,263.3,74,22.38,178.1,106,8.01,8.3,2,2.24,1,0,1
19,0,0,0,186.1,98,31.64,254.3,57,21.62,214.0,127,9.63,14.6,7,3.94,2,0,0
41,0,1,41,207.3,95,35.24,137.3,120,11.67,115.7,74,5.21,5.9,3,1.59,1,0,0
36,0,0,0,117.1,94,19.91,235.4,117,20.01,221.3,108,9.96,9.0,2,2.43,0,0,0
61,0,0,0,197.7,118,33.61,152.2,96,12.94,221.0,93,9.95,7.0,3,1.89,2,0,0
28,0,0,0,168.2,87,28.59,161.7,92,13.74,192.4,112,8.66,10.1,3,2.73,3,1,0
58,0,1,29,240.4,80,40.87,118.9,91,10.11,164.2,108,7.39,11.2,3,3.02,1,0,0
97,1,0,0,143.7,117,24.43,273.0,82,23.21,178.3,81,8.02,10.9,3,2.94,0,0,0
99,0,0,0,128.3,78,21.81,215.3,120,18.3,143.7,140,6.47,14.3,9,3.86,2,0,0
162,0,0,0,49.2,121,8.36,143.9,136,12.23,203.0,97,9.14,12.1,13,3.27,1,0,0
127,0,1,25,173.0,91,29.41,245.8,64,20.89,300.0,99,13.5,4.8,3,1.3,0,0,0
114,0,0,0,189.8,101,32.27,147.7,80,12.55,172.7,121,7.77,10.6,5,2.86,1,0,0
126,0,0,0,211.6,70,35.97,216.9,80,18.44,153.5,60,6.91,7.8,1,2.11,1,0,0
34,0,0,0,128.8,80,21.9,208.7,93,17.74,202.1,103,9.09,14.0,7,3.78,1,0,0
136,0,0,0,92.4,109,15.71,219.0,115,18.62,212.6,80,9.57,12.9,4,3.48,2,0,0
71,0,0,0,197.9,108,33.64,181.5,109,15.43,281.4,56,12.66,6.7,5,1.81,3,0,0
95,0,0,0,184.2,95,31.31,181.6,101,15.44,143.4,113,6.45,12.8,4,3.46,2,0,0
52,0,0,0,217.0,104,36.89,152.3,83,12.95,134.3,109,6.04,11.8,4,3.19,2,0,0
86,0,0,0,190.5,115,32.39,179.6,130,15.27,258.5,89,11.63,10.1,5,2.73,3,0,0
89,0,0,0,192.1,83,32.66,163.6,88,13.91,169.7,138,7.64,6.1,3,1.65,0,0,0
132,0,0,0,117.6,66,19.99,214.0,108,18.19,239.5,94,10.78,8.8,5,2.38,1,0,0
55,0,1,25,165.6,123,28.15,136.1,95,11.57,175.7,90,7.91,11.0,2,2.97,3,0,0
70,0,0,0,197.3,91,33.54,305.8,81,25.99,171.0,105,7.69,6.7,6,1.81,1,0,0
131,0,1,28,249.6,87,42.43,227.2,138,19.31,239.9,92,10.8,7.6,3,2.05,3,0,0
131,0,0,0,153.4,86,26.08,198.5,81,16.87,164.4,83,7.4,10.4,3,2.81,0,0,0
91,0,1,39,169.8,105,28.87,65.2,116,5.54,144.4,92,6.5,10.9,4,2.94,1,0,0
129,0,0,0,137.8,120,23.43,225.8,110,19.19,145.2,95,6.53,10.2,6,2.75,1,0,1
